{
  "accuracy": 0.936,
  "precision": 0.0,
  "recall": 0.0,
  "f1": 0.0,
  "roc_auc": 0.7717514690170939,
  "log_loss": 0.20787900952902638
}