{
  "accuracy": 0.683,
  "f1": 0.7585681645087585,
  "roc_auc": 0.7420966509402618,
  "row_count_train": 4000,
  "row_count_test": 1000
}